Engine_ID,Cycle,Setting_1,Setting_2,Sensor_1,Sensor_2,Sensor_3,Sensor_4,Sensor_5,Sensor_6,Sensor_7,Sensor_8,Sensor_9,Sensor_10,Sensor_11,Sensor_12,Sensor_13,Sensor_14,Sensor_15,Sensor_16,Sensor_17,Sensor_18,Sensor_19,Sensor_20,Sensor_21,RUL
1,1,0.42313707062535855,0.5186149163904705,616.704190790095,695.1403342206657,696.582216115322,628.590678923916,626.1705683735906,633.5208047370872,680.2585679579813,627.0247692130783,662.9557696891736,638.8165706126996,612.7866801222417,620.5332938706799,655.3371189749772,621.4912637036396,628.6519548927123,676.9448894082047,629.6357613513288,602.3707753644518,663.1375326048251,637.7839213727186,612.3283779298947,15
1,2,0.7876410520563246,0.39260894060502005,616.7619216288317,660.1611820146331,643.2497878330132,681.5946938968617,624.6978799072,617.3761593135744,657.2048643369301,696.6417385866407,605.4332034822904,667.4130295536063,676.5546750515861,648.303969755889,650.313247255154,642.4850842868087,680.2640312352929,639.7865703017427,693.8315728651316,683.4947205694403,642.6398356801623,606.2036763628781,651.8561688665734,14
1,3,0.7535143539853704,0.2469232755849578,603.6671426933543,681.918885942679,631.1816133085259,686.1369996363436,690.6254580521037,671.2014020330781,651.2667725956417,655.7708826250043,674.86452341262,625.9904979242833,600.0011634755366,626.8533756067608,619.3863067936893,690.7838513883535,699.7237899903603,682.7553052274047,681.8740229484051,697.4690596048551,654.8145202728022,633.9305267309568,624.58474424934,13
1,4,0.7711009132780853,0.25007431688102016,673.640201506564,688.4206463348407,650.6141862840244,684.6514338690278,624.9546199849506,682.5978212708081,629.3488823208122,634.7277039030507,631.7586795261117,634.519220849421,641.6565828482292,628.746166489725,685.8816771168155,650.7059646738718,603.0026005329393,617.0708363312481,698.3567206513663,613.5459536794691,617.464718589633,650.5931654319559,635.8139716529145,12
1,5,0.7979631290585741,0.47422611489158856,666.3804527621805,622.8079771948933,643.9511688632911,691.8926533639554,627.1949726128631,610.0637478523533,693.1753719432817,658.0467600993696,600.0134693004485,691.748584313199,652.2510181085588,665.6756063474558,667.6940782996837,618.7920380815323,689.7365865790932,603.046368630896,625.9670838950414,623.1475213765298,629.5932029436616,616.1923006632213,698.9505333384323,11
1,6,0.46955809968779494,0.3721223579597851,647.4630875749814,621.2044839908226,610.5664684261744,625.2241020173361,675.9398262417964,623.9874112755945,639.7015041237191,613.9196701345695,651.112913923723,629.0504505671421,605.4634420000972,696.8537331699893,683.7908374851804,607.6971669380874,662.2630533598658,620.4448372464273,696.9723632797977,686.8409523946934,666.3824474852725,665.8102218056492,668.4314248925344,10
1,7,0.5584968075610636,0.2802098906801347,684.4170448969197,661.0980988850991,664.0826314690206,675.5041928746278,644.973984245054,614.1971989760993,608.7092766795771,644.4043749202203,604.6851908527603,646.9988268157937,697.3078162972333,660.3637200559375,685.8764279349472,669.6156145137925,697.3382619164821,634.041155611426,643.1233869791558,692.6463797956185,696.53027236304,699.77493890102,694.8980667047001,9
1,8,0.7032953902816366,0.3966378186965748,680.5670152950054,641.1028469806705,621.60381825096,646.053949727414,677.6710556955181,634.7941411582167,661.7066516117801,662.6234321421064,627.6169557820899,689.0141137396015,622.6125331249672,607.6979467064966,674.8355853665739,638.2798764436388,646.5009517526428,651.058075745956,634.7518795313755,641.962738280681,605.0416773602209,645.1739475981444,614.2556555033116,8
1,9,0.6784082472215169,0.22568357483005363,658.5354364396752,683.986130286672,661.9587954897829,684.1998552890061,606.5366157564386,645.0350978905412,611.3838393476601,648.8897831792451,670.6976487455717,670.7721350267527,630.4198719636281,607.5583613854067,643.9210601249717,682.1830946585359,684.7387930571374,661.51291405412,605.0349526969353,605.0622472269074,689.0384320855267,635.4728556730213,638.2139474832569,7
1,10,0.46155836253594207,0.4327885607657595,686.8271280513259,690.0023123398012,665.0201092398154,672.8490677161614,648.7571193673384,674.8826336963307,634.5223142801692,640.1778800654324,606.2689621621865,606.2203226164703,630.3942512255028,695.1423220845566,661.0546755015424,665.951076864077,606.2394068598277,691.0605717214422,605.2765257859603,603.939183369282,657.6881201311209,640.0704166834466,655.4731803282355,6
1,11,0.7263332499962472,0.30759736177403907,620.5841210036768,635.3421379302719,615.2024853128648,677.6447446499725,603.3613600183282,665.1147584881674,650.7411938717809,699.3848388899698,683.9338492356003,614.7303044278971,623.041666211735,629.7290790307334,616.0365406119743,679.6241450541369,633.5279050078295,650.9854009550457,669.2011255946654,657.394986606901,656.3919566755624,611.5146178395202,607.6758061888738,5
1,12,0.4897762287346643,0.5190236402548752,611.1919619397728,623.6870558974482,606.1349627110668,665.6161837681071,606.2653203455354,662.0928567478431,687.4222524685176,688.0314762148927,600.3819922658583,600.7841590771917,600.1473822086311,609.2066986082475,667.3645417474908,627.1946039418449,606.701653775121,650.127564462573,645.7928994434028,639.2895108893179,650.027853520776,688.3273601426224,600.4187443627958,4
1,13,0.4895270459290493,0.3241447835694295,626.974961151699,678.0525515243862,678.0761586068439,617.7428769469707,690.6437453344411,635.2374946609655,649.3546580340119,662.340595815944,624.6823869201902,663.0921790229163,672.9344794087997,659.9044587150381,617.925325573928,669.2358922461058,697.5343133479071,605.0243009822982,622.6521626036106,602.8652427577655,606.9394085904183,641.4825655521352,667.0434333796918,3
1,14,0.6147897691573655,0.38208805963272047,605.7086856089314,627.4806035548136,645.980042376932,654.5026918896938,613.9245371117595,684.144755308476,670.2258766031664,656.9377361182283,674.0904056152071,644.7673425410418,696.6845499799285,662.3648778290266,669.3949590510157,626.4061984693719,681.6973907271837,603.4911552656224,661.3970306325233,658.3252392312556,608.9876851736161,638.7274411424842,664.1819516801436,2
1,15,0.6371759739366814,0.20464821596324026,653.1169528001031,682.2614318513679,605.8163795505476,698.4669739524509,653.2420682275217,647.1287167398165,699.2816838999071,662.0660479824584,631.6270149729306,613.4274850902276,622.4293483285045,664.8504820118688,622.9598160753968,693.9068479450292,685.254742124597,655.1159961916372,625.2858118250111,601.1302536589022,660.0912005659086,665.9690272930475,641.0788809999611,1
2,1,0.6320344831351246,0.22897875511782356,693.6605692294961,642.3738253648763,699.4866317169767,693.7388066497119,641.1095602600707,697.9104938015155,613.1489119897982,620.1312107822433,610.1892388066013,695.793412105677,666.3047191803422,626.7402027857541,611.755130015022,663.6374281533374,693.7965231433894,643.8178613248344,657.7631754344422,678.7371958149273,634.0958571435558,644.2033420931124,648.9644076032033,15
2,2,0.43659473495910195,0.3569974225626739,603.9343540668509,666.7549899291471,605.7780560996366,604.3173735797012,634.7343326258842,663.4142138295737,627.4731525519519,639.5137743264319,636.0233918800428,652.965972394562,674.1896326958715,601.5110684214475,616.5284490142957,632.4511800175342,608.5103486119785,683.9180394980299,635.920874698269,630.6432822703372,691.7268066577681,664.8233468807846,641.5443000592089,14
2,3,0.7509843450521522,0.39197553388684936,612.2109914010027,609.5535313834669,669.5035228858553,616.4814815729437,689.9833345687273,612.6264741564503,639.4576075597646,603.94595328909,627.0393286384525,624.1893294112889,684.8425379090525,696.5015369454472,600.199213521907,626.9511862292272,638.5597592513334,616.0679584711845,682.3552226611819,604.0258003009233,640.6590537359473,606.1446290130788,602.4005044844889,13
2,4,0.5062400170354825,0.4400082192477215,645.2199028283435,662.3859324676573,698.3678925263414,613.1728773454562,602.182339677549,667.6177562075434,642.1828178538831,647.5546037486827,684.2711902160555,650.0603571154708,642.2629197013609,625.0893045691103,671.873961785353,619.0926585071644,607.1034889044003,602.497166211705,682.0696160766779,658.8352220983153,614.328145870264,681.3723343722228,633.5371606217462,12
2,5,0.4518059685131217,0.31666503148372127,693.3875017527905,645.176767873723,623.9180104215926,672.5979909985296,666.3789686175589,632.5104015431699,641.1021075265546,654.3024583957663,631.3347917585143,667.9620332735108,630.2930905640429,667.6026288052548,673.2401049058379,669.4640958893727,621.0793101550029,644.9038767930126,647.7350398122401,639.7684414433055,671.4718833502036,694.0503952879403,617.708225539729,11
2,6,0.7554992319475909,0.477992754450617,631.6156104976751,658.6608463175475,614.2249368687196,681.7785329856945,696.3394434213551,668.6327196686098,690.7611002556555,622.774973610321,678.8932471776008,607.6239217973565,632.5295134023031,670.6629869878709,651.4933349913259,621.8715612997927,622.9365777037673,623.7478556752258,635.0819109335016,697.380041335715,629.335342144101,664.8765386159386,609.8424189101369,10
2,7,0.7822605992919014,0.5440489588756818,650.7234808688393,616.8014207744864,612.1384939422429,621.3511366310672,656.0168183461842,606.9641148162406,671.4032644466856,696.4028847165514,689.1872144810735,627.4703815047892,671.2621333098513,661.0007417079486,616.1362801055384,659.5303265927489,646.9107211047578,604.9614373338837,636.2559796559094,654.4198662503702,652.5470307355893,695.456592885881,695.672043388935,9
2,8,0.7448510469061803,0.5119403955573398,604.1572859050392,673.6873744944182,630.3275147567596,650.5852692951829,693.6822462033092,617.4881437175959,660.7905214090704,690.9454610937242,643.3817419576529,680.6965490883994,681.6779466505636,631.2907394213648,608.355433751069,626.4635026925357,626.8562167453642,672.4598286847629,680.5714525668218,627.5239181037008,669.783278550517,615.1432314369963,659.9359725042166,8
2,9,0.7238064298899513,0.21584753013934288,614.8343200962089,686.2797077543229,610.1045811010647,684.07030280112,605.2257879286024,685.5737258905787,630.9372717862782,672.2143235455906,690.9943143854392,645.9664870402661,618.1613967756603,627.1096253764066,601.9128966437287,666.1968944793869,610.0978106817761,611.1592999957247,632.8179482797611,670.9438864633975,690.0264111202071,647.7416189480354,672.8656284236603,7
2,10,0.6620967922556087,0.3922027789031316,698.6630122958846,621.6739800090776,669.2161341694132,673.2801544766251,641.8793319074161,622.7179557023514,682.3790384221295,653.3386628765363,637.7318053963193,654.6577142032295,637.0941008157765,659.7668282702703,616.574817696522,681.4939728540539,616.7491089094108,660.8319500007772,620.9059373706846,627.1492002542711,679.2191194801676,660.1806733945448,631.5363743266117,6
2,11,0.6203429482436558,0.24197207136726995,696.5118696436045,609.5714555520161,606.2291798130062,654.2237205491848,626.0157790962052,683.704112524294,695.506051148499,686.9969159647685,696.4078416490108,643.281600220947,690.194019674915,686.6095633611692,689.0855534983147,677.8025243144654,614.7275563552091,628.104975016689,608.4688341875307,690.4243291407565,667.6361067872724,658.1736647421187,639.3147129494015,5
2,12,0.4347947039645641,0.296818006345011,600.493998093441,602.3638586046336,650.942212814979,659.0347690458773,673.082096498073,627.927608845441,682.1198282550226,613.0652343823463,608.9289524525573,604.3899942643005,680.669351969474,694.6733728923396,624.1536841701682,676.0851330930782,697.3076797912298,617.3496050355022,646.6693120884408,637.4721970507377,667.9633182395144,640.1461779089043,623.6923993896723,4
2,13,0.5633812852282796,0.5946650373068585,695.1811785423239,664.1971500443266,699.6696853852977,650.836054691628,698.1297090497246,664.2881910058708,600.1565105191473,679.0509794274885,668.7019266503243,616.5749779820156,698.4858402762476,610.5905804403758,635.4271327217216,618.7722405692252,675.9292506918473,637.9751522919317,648.2132098919842,654.9868562776205,694.5924644032086,633.8084409366261,609.6965670965425,3
2,14,0.5490754068049256,0.2569982171606053,663.91199378155,660.7094036088781,681.3970269506019,629.754845131882,625.6530062444248,669.4150573509831,663.6401370183407,612.4820813966849,649.3814040456929,644.554163874189,675.4248259682081,615.482861259772,610.5345484481334,608.8384946984519,696.7761465269562,680.1445776222954,684.0908710402907,605.0573103824229,629.5824097496536,612.6824022550419,617.9031637441584,2
2,15,0.5039015135041305,0.3995552613805424,686.7918294520023,654.669741271407,661.5219438231011,656.5021992859016,665.4174601474075,651.2654753145052,605.1135381442101,679.4210662549406,638.7648805455647,620.9185465407928,639.3195201027922,694.473625878308,622.2361304748171,669.8948828487386,643.9740486507909,639.2093576904573,622.1238696446064,642.612123795223,600.1112094196187,639.1742450562278,679.7514045296485,1
3,1,0.6893680454754341,0.44726229372724763,645.4739855633859,623.1947096115975,630.6253620786612,668.888530205009,619.809763275974,630.5310676696731,625.7607220333722,627.5767568251357,663.2711878748601,604.9979028659678,659.0637833994638,673.6535228334792,651.9224570780206,636.8347213794351,627.8368481662657,675.0769649211056,638.09912736684,683.2363539660995,627.1954559398199,616.2660815105485,667.7545805183776,15
3,2,0.5983502940315084,0.48098598821764155,651.559602857925,639.0905995905515,662.3895836291639,687.3322915860808,656.533025457161,621.2644376371096,605.9524700347772,687.7090581018189,670.3857091634331,684.3649664051824,666.101425424732,688.2993824829773,660.7752683095653,643.2346226403347,679.8293197209186,612.548629679915,680.8405738893691,680.5648805363342,621.7891379626744,673.4365676492218,654.6928875985477,14
3,3,0.4324184863630592,0.4238594733947656,648.884658025692,659.4476335186173,652.7041463911652,663.6291353979248,646.3932486688336,603.3189354562426,660.3795452949388,694.4042093825398,600.436326965031,698.1192529164116,607.8455816317124,620.2632634135343,624.5352314166211,603.1149092793391,632.6253918041147,677.2771419665079,682.3623610748973,622.4318558853527,666.1834585113999,620.883093549459,647.5089872866768,13
3,4,0.48807328077992457,0.20390833896767346,666.6864257546105,649.676685885917,642.6083383890372,676.1121537043158,697.2005329631537,630.3946401240723,668.6589913492606,614.8795969405115,616.6953088747199,679.314287399674,654.4496959103865,658.7585871109402,605.7732159225117,625.9576449275049,629.9383373705348,623.6933324906648,638.4611075978768,622.6079071010563,663.3711599765529,605.8565305284534,692.2434283656124,12
3,5,0.6733035054638383,0.33058452329759674,613.9651254756313,698.7785520214887,613.07103767402,616.0071634954573,660.8527272696466,665.3162790531283,611.4487638065905,646.2675605065393,671.3046050634318,685.3784921704666,670.932082847261,670.1139594417474,639.1032869127399,603.3676403874464,623.2505992207831,667.7393129888873,645.9124023286681,681.7305312213236,659.3461382704724,655.2366137817235,607.2734947778669,11
3,6,0.4304523437961201,0.40708465735388455,602.9973589872678,613.6439752556734,688.6604215240467,646.155747441979,634.9506372086819,693.8304818448482,638.383888304498,698.0987378162686,666.6385413578206,624.1977130317046,616.732130400106,668.0111885446972,623.4203370926334,687.9185772601247,612.9678978224235,656.5781554840996,630.3285890849282,693.0398420169325,601.6243443209454,659.5229732719401,628.0600813237916,10
3,7,0.7404827656195075,0.23514659965793336,630.7929941591191,669.5144554047594,644.9784648821322,600.9331619827093,611.4095784887934,687.1204482263051,645.6236508955542,648.3407435973147,696.6047505128677,696.06269755132,678.0631717425557,640.8151690866698,621.9553923229802,624.3396683218531,625.6463061016766,692.9144717211688,693.2554878419312,609.5360921273003,672.8778054450647,687.1913061280505,634.9937853570714,9
3,8,0.5980586108055898,0.3402507724836723,670.4680762736647,640.4318768104292,619.4622511820766,624.6678864521623,615.1246828734935,676.6064776535303,636.9053021760917,686.3547522514546,676.1037790250783,619.6925704453429,658.3772780514112,601.5394891691309,695.9862802713455,655.7337169573008,635.5319748473887,638.7322517975314,611.8643765741581,645.0058639426226,632.3530412485492,657.6981612417682,678.2425812212788,8
3,9,0.5922346309306592,0.21328124351654665,620.1853452122948,642.8199614925614,636.775935087729,672.6461715113005,622.5316929951235,678.8447343253299,612.1025000485193,658.873152213132,695.0772707731338,695.1429810361832,695.2221785697594,658.2926056804263,661.6300485925724,603.8979320661131,667.399420814573,606.6165188834441,693.374942300147,633.7454278964229,666.5055989006631,634.5480853723445,699.2514620161971,7
3,10,0.6369631138638071,0.2314313988620083,667.3432433324917,671.7597765658177,641.4129752528927,699.1809951349363,625.0966661340298,666.4984903475995,641.8947790187475,637.5329907919602,670.2540501534806,699.4819293965951,604.2422298206892,625.3101539179609,655.6878443172096,666.6847391305658,606.2564842219451,601.9155485551253,668.3866451835344,687.0688455457439,655.6578428502153,680.301188152632,624.0670514757153,6
3,11,0.7298723863700597,0.3587693104806384,696.991204610727,669.243615132437,682.7537895566875,609.9178099587216,685.0616057841138,626.0286857566003,675.1178047808418,628.578355552587,629.8052208639443,671.1722805746049,626.5326137555467,645.025424614289,641.5775103523322,632.3027345754094,621.0506939665343,682.6858560972753,653.1572152686731,608.3524914680019,634.2730925427907,654.0278893187422,687.430733413708,5
3,12,0.5391236831608772,0.2530863016172241,609.3900715789418,699.1255993702189,673.3614380561402,640.1494315861288,656.1222788282525,690.719503070583,607.1007664533255,620.3223091086087,610.5364922250857,698.1143731791822,660.1553879299825,695.7581015083817,642.8944333430144,689.7919186957665,680.9023640291676,652.4735637661432,603.2659060784496,621.1125942558037,613.4576267104108,607.9280284631192,683.0622760431792,4
3,13,0.6712064610236255,0.42701633930462324,667.2602118225126,612.8394289454126,676.930489364134,680.0070968699159,652.3390911374366,667.0732311905834,608.0180014081903,676.1798191377698,678.1823863344936,656.9539779567103,629.655991220593,639.9035317642434,654.090500383808,688.8118188934036,614.692192358377,677.5244051834949,647.5596191822008,675.2468337586495,609.4418897660481,656.5850560313247,622.4657397641766,3
3,14,0.6262927855983165,0.47578598765490626,644.3750219304571,610.4109649384167,601.1031264428648,620.4035634628899,611.4768871869218,656.044063098044,635.4771291835984,638.6540506823028,664.4149221475916,625.954178317609,671.4424164071243,683.9801606664427,669.6429807036108,632.5290618361748,634.2645146522522,623.4425600011515,640.7748105002732,605.1293848981215,683.1518333112224,690.8018545421662,639.9332580199223,2
3,15,0.5068113080677685,0.5202346796436331,686.8142254377506,672.4338817128742,641.6153998179761,655.5084949302286,686.0139693349435,611.0989469213481,694.1725711618925,651.1275462200751,604.8186012393296,643.699588566562,675.9005282521931,618.8540605749251,670.214609618183,690.0960895690467,686.465892185814,634.5083745513234,616.1218811975123,649.2535380714289,691.8397542081558,639.631262549822,640.9672869292519,1
4,1,0.7514519945420632,0.28006009769792406,617.7149789447386,657.8386917006409,648.1344151635324,673.3071296029675,672.2814303208484,644.7055543806425,666.8572646722914,649.2325480001182,636.0050465900979,659.3560935378786,610.2515964066474,667.2460498025029,617.169390770545,699.6157673498778,615.4925311143443,603.0103872211319,665.6409603500657,644.210703467972,664.97880467643,629.63258018998,697.8220668526558,15
4,2,0.7189704086427713,0.2669930329036279,669.2625952226165,627.4160666559806,601.9192276823056,661.5985450260179,606.7668361900002,646.0358271201926,667.8669956672564,657.7279029233131,695.6799815484286,607.3081562027015,651.3854464206768,697.7006954438943,650.0112752076627,682.5415664123948,608.273683561819,696.1492324574112,697.1150907368286,633.4401178988749,610.3434114860484,614.346945701802,618.0891901378899,14
4,3,0.6633807338633702,0.2418271361337601,683.811528964811,607.9419368988987,625.9813208745035,618.8024734615416,670.7835097229769,686.456360952267,636.1919990837865,686.5577145624552,650.0401145710201,662.2343264617245,650.8890555591056,610.1893100872937,641.1958095034101,684.4871347755229,648.4537995080011,666.7867906700814,656.2188811064525,639.4572315318924,640.2027216888241,615.1445521935358,679.9157971104783,13
4,4,0.7402326916376968,0.45457209981745467,694.4614219474023,608.565824959643,676.0289823122135,635.5384568685739,654.3538217342646,654.6648220187789,659.3660791208538,698.073934358343,643.2729136019705,698.1177836762295,636.9280770215541,600.8319942227192,687.0526966269384,624.900873610909,630.2419511278537,693.3205087759306,671.4753276443946,652.9940586930232,672.8939200105158,643.2771484341819,633.4192714173109,12
4,5,0.746917680383921,0.48259029059476044,668.3248028289646,689.4190874664118,613.7109705728999,678.3791784485397,608.1725345746778,638.0400548970409,601.0131184027744,640.7584208573817,645.7699605159294,619.0107649783728,693.2924862569672,643.3582792632615,663.1418921218376,657.6702398857756,656.3408364483854,626.5496407429073,606.8450452566017,616.1367358388383,677.9820884010068,659.567982416153,673.087034577616,11
4,6,0.683345190686014,0.21263445793025681,649.7174764008428,619.1867324718743,653.5310131452592,655.4226514132017,645.8300641528656,697.6800328510659,663.6096046409542,682.7518922106303,620.8882724005164,679.2595116288384,682.7506319873221,609.2625483051368,653.2504066415981,606.7255913967368,680.3804890483475,661.1463611225661,641.7666995816994,657.1995878283593,611.8218622291089,608.0615405169601,642.0011004295662,10
4,7,0.7348053313454689,0.574484898497476,661.7847240201214,632.337156211552,621.5201872017237,600.5229613542913,648.4696287130047,611.0720593326316,691.3286947576237,676.4527794654717,636.8707170864795,690.7898793779619,669.7209381909637,674.8384349676231,611.5394642178917,609.491793682167,613.7148488152743,667.8499968292638,611.6358485164496,680.5432329299987,600.0030718845383,693.9568589025166,657.835976311654,9
4,8,0.6789885846677135,0.22078851346058898,686.8904984478718,622.6656402226988,601.2120774643894,676.0990760028094,616.5774540163276,642.2548428311944,661.257346834482,657.3528951455573,636.9813255987176,694.3701592820221,671.4326635734998,691.4548663848559,660.5637889323411,699.889261203329,658.0699084554285,631.7549700257589,661.279583553651,676.0160929790159,671.2137045880605,675.5133617445196,683.2611773326131,8
4,9,0.6720563087041203,0.41651853412042816,657.0609746638829,635.4996305831937,624.1201457599542,603.5311354940239,694.5698147000282,604.2024675171406,687.3698593466345,695.6047143611934,605.2355020187472,696.0135604405448,646.1716143813119,643.4020972708759,611.7203905680234,632.663924942591,650.5508760389864,684.810923501563,693.8482158214155,615.3899904693774,635.6596175986206,658.6623918283663,680.4165564983884,7
4,10,0.6474445512860738,0.4836242077803666,603.0387059696836,606.9423842746094,697.5873754910053,674.5733782731232,684.9975371480662,673.990412076693,672.3973055466093,620.0474515528402,676.7567628517918,652.1459638721471,692.0994521096576,625.8711642155441,633.7206575565752,674.8183912048846,614.4078786013199,694.7161462900248,666.1777732471638,614.9249469741474,625.448133161826,682.8438670938991,686.64231835397,6
4,11,0.7010866558230565,0.5483876494984342,693.0948695506978,651.905979090827,680.153711188299,620.2480560165237,666.9022337329109,691.8076552199151,612.0558416403691,610.9264210309622,641.6504431903879,697.7307907991503,669.4595427253286,643.440331900661,614.2841964814332,680.6665053026817,662.3998485528982,688.4855117696004,607.6803048314422,626.8174367744913,601.2897469789525,608.0186756812113,605.9617325344659,5
4,12,0.4634420421172295,0.48563477285297113,668.9526751031561,606.7612563592215,695.9576644321033,695.8073480119381,646.2295561000607,628.0037329550489,690.2453307285841,685.3961966955422,682.2179886816423,675.7310207134439,672.8981061655817,672.3447817850001,669.2073647024368,685.8023271007229,627.3640417860772,673.9066975939372,635.4666204985083,636.1074726341037,654.02994067615,647.6838877733124,669.2050553039745,4
4,13,0.7523483036795714,0.5206912332279168,667.6513385777247,680.0356507822362,648.7854043926362,636.7940751302084,641.1765541584508,685.8341676799121,606.6443844355775,643.9149816633749,685.0348001119895,616.1671436236962,686.1690903787345,600.905416158037,620.6252113836152,699.7628297402157,648.7834318544012,627.7464679724955,655.0663379440851,640.8455581408483,685.1150735425981,663.0093126861664,613.9987376721763,3
4,14,0.7487374110980929,0.3357800770171224,621.5675152397718,623.3712081910433,610.9736198677504,632.6931616338079,665.0973467150955,629.2218230461898,653.3967472547764,684.696885420706,621.1994054698658,647.690010646797,627.4071589342191,658.9453989484697,639.1859373188026,624.1496485256868,608.2272324277062,628.1616042105632,640.3207756133252,667.9697216833346,695.7631646272588,682.8652906118289,641.5818568018411,2
4,15,0.4116989132138237,0.5259300454986049,665.8885470232657,654.0011914604511,654.7959488973693,614.8888050332445,654.5431869406906,691.0770161643916,614.2137123793458,689.3090205195415,665.7353482170129,671.8331175372005,680.7070903866703,661.3291684887379,689.5674777618779,604.03508268597,645.9584057213623,696.3360320446038,683.3644010475173,605.6680432165836,656.5744950613289,678.3469560049268,654.8588415054688,1
5,1,0.7303267002259051,0.23204593855387007,639.3864405654158,688.0079087561459,645.4377334559961,630.5604215490215,606.2273105881885,675.3961903596784,601.1706610730904,606.2457593619072,647.2281804162982,624.7340315819083,619.5240602956492,663.7688246895935,620.4316383398971,641.1191517994586,630.6463468042821,601.0284495935692,681.467100470999,603.4672704226066,651.4461327739895,627.70692497134,640.273948474683,15
5,2,0.4515479469893781,0.557926662424211,665.1232977041492,665.0877369047195,684.4357082739616,687.66507618282,651.2502648770331,680.4906776841439,642.2034260127639,688.346476298606,688.0156737921485,664.0615183548887,634.5341952244888,624.2022079980877,650.7805063958779,613.0080669828947,682.2381211185354,671.6049973242144,661.1831020103222,639.1910562943909,608.5056385489241,694.0880169559205,651.9611675803008,14
5,3,0.5340475417036568,0.4190369504614945,610.659303030799,653.2957786551335,609.8082580784245,699.6334337627247,680.640361723284,601.8006555600455,629.5040707654156,644.8319055369423,621.5740679176454,666.660047904662,633.5610454269843,671.4052723378127,641.9271661166022,602.2425889162055,605.6978726997369,670.6246162555262,637.3457945132706,669.7163692137981,654.88728015426,612.434584143087,699.6526308798619,13
5,4,0.6974033025166431,0.5269191079849975,665.7845304603036,632.4333753115376,648.8241137021778,636.8309530506848,645.9239877596958,696.2810357074026,648.6000493797603,651.0432489004232,667.7813200310044,616.2699743808566,697.852546838914,609.1391486331777,601.8124041045729,636.0426827141487,641.860727491833,662.2689540949798,625.5336373763245,619.3435342956483,637.9979078965395,687.5133618621152,613.5217313712855,12
5,5,0.4643039584193233,0.38092731380732003,699.9413725770667,633.3001913058198,615.0048664693984,644.8610630954543,605.1956577554269,672.6670992070324,657.7199886734551,662.6592511093211,660.7752122252723,656.5085312452757,685.6537223747927,619.9270336466801,679.2758113572813,678.3738251075237,645.8431424131438,699.0108846086866,610.587431821313,664.1504481256252,660.7135280883576,697.0940249604619,667.5456045336425,11
5,6,0.7271868096476249,0.45743107807861,604.8212038860556,666.948695519819,632.467592689006,672.2070938202737,678.6278199384033,630.4751095386133,604.3739072308947,692.6382606730086,629.5301477571833,677.1626910978607,670.1169861590259,687.7470046654482,606.90459063146,656.6180691225071,672.5006076299119,631.1879435763725,635.4897683486554,625.98281379403,638.8726347876546,617.7153523222626,639.6000966385616,10
5,7,0.7328536711830969,0.4105610643744453,697.7174184221317,699.4139361221168,673.73570773878,688.6195780465075,620.1363782135975,682.9394664858847,612.3003295123746,601.9116094429764,613.6600903651173,649.8895664535942,672.705676161539,673.8723150726566,647.4255020976954,631.2777989210354,657.4287575090211,633.9971863793248,641.317251720772,688.6086108813516,624.0299123450367,672.2066064203785,613.3009798907328,9
5,8,0.6029870935043345,0.49263580870213275,640.6907960722871,666.1839189849379,647.6018129368766,659.3044334186784,625.8620834888038,628.152119841493,655.8642396450425,647.6843468317817,665.1639760477276,601.2103116776108,656.2072794402571,601.3745554011346,656.067829493895,665.434200549272,666.7212337194181,607.8939402946555,667.5822925104073,689.5689944266617,609.4965275228376,604.0285518777998,615.873676337431,8
5,9,0.40255434868673345,0.23265199281223584,687.0753450337259,655.7783417370025,637.5888285145769,639.1525698177829,616.4706353432296,687.2753839566128,634.3167353172659,668.7722042430561,673.8597458132331,600.9038469079292,694.7090667108519,624.83762603698,662.8426456614587,623.2018180308811,677.7049285651756,644.2798136543737,665.8159824297574,629.7287204281326,631.4918444588895,640.5422825139156,694.9273106245616,7
5,10,0.5148152532699651,0.22414083359622552,678.2385484058274,673.0650510239246,639.4476278570036,641.2621840848624,633.0215064871497,611.2580390411937,672.9173487549448,672.2706957698229,631.562734376335,635.7029343970012,649.6258752882361,621.4406482993164,668.8631629307876,601.4381446072085,686.2202973658189,626.1048526234848,607.0108139641256,622.999375396324,609.6644834287753,651.6283299197675,687.9601496711762,6
5,11,0.6467707673502969,0.2988412936040586,656.7016260986668,646.5205612283718,645.9446768405986,669.5618146496806,675.6751505688635,670.3685977460796,665.2291648591939,669.2532431537109,664.4832604022314,692.6194068431782,638.0517709869895,627.0806328036972,625.3272383522715,676.4353386436427,631.387549672247,634.3386702177644,639.5259315431158,641.1303972066231,617.6896950823984,658.0645225909634,690.7041960415022,5
5,12,0.7924744712109695,0.26381787204527535,673.8449209251327,606.0142342600785,678.5016543837057,600.3218263604278,651.9385859503938,654.069847664491,684.5604362989907,613.4435129408122,639.5130907611504,622.8676779603609,616.3035336931591,624.7559770279886,600.997877665845,662.3743084864009,653.8022705363903,683.4571790255627,618.1778867217362,624.0531585180149,698.7336158579546,693.5937248248559,699.1532775827386,4
5,13,0.6527254108066673,0.5487134266368807,687.8515561301348,656.229681587791,689.2084688940234,661.958933745984,620.4881274150713,609.653447019544,669.2492826669226,629.9395588371681,671.3206883282618,663.4363688871687,678.6205652261058,606.2526295742846,672.3443662354912,676.230262450096,684.01080784392,693.5484513527496,615.6812705316805,667.2383843291703,644.4103556906618,667.2250687294195,620.8315390008518,3
5,14,0.503921432425664,0.2876855949432177,640.4140321651033,695.762528450538,695.5334686503928,635.5493010441357,687.7830078152041,624.1893828258839,642.9931077390148,635.8715525417014,619.9215274894053,622.207587069332,673.4443932075592,645.8940516596821,653.5656599347578,603.8938016687665,698.9451130965057,618.5733072005186,682.7302149737246,682.6064684548286,653.1871766505017,648.1277951219237,635.5439337364062,2
5,15,0.6536022812398445,0.5903461023276525,632.7033161563239,617.530294235766,678.6903386255295,679.4197331277085,687.958185495153,601.2404036277314,667.2966622394432,680.4437207679505,689.0215002636174,632.1669989659549,638.4355038524135,673.2733474786165,683.6117703207249,683.7119627830652,688.9519311043763,637.2508931553466,604.1915216716258,667.3092130911217,687.3618528737215,680.967503626589,666.9219029924867,1
6,1,0.6159941518863422,0.33475831670844275,666.7593385563584,669.0004890820666,631.5406895748013,609.2990639823132,687.0578425046007,646.8767965464506,627.5381174255418,627.8759872414553,628.7409596465579,684.8042089601483,602.519341395923,660.6731724717437,682.1388362900694,661.9526200036303,637.1467262624377,692.8630562115394,641.9182875902121,682.435044724935,699.5568900490688,695.0532820954409,648.3802539860648,15
6,2,0.7119381580604575,0.2728471662754797,680.7845941941258,620.0933688659056,668.8134706086543,658.820226694839,623.8796211381539,630.126526076,630.6313498778213,621.0704963867203,636.7785987756153,672.8861442269947,683.899732771801,667.2871668598079,684.3326167787883,656.339535071264,619.5166517218651,606.1808460689223,616.8203655766519,639.6992162207474,658.2714449344681,602.206614868229,641.8389533378333,14
6,3,0.4427922555307834,0.5158794028569916,676.2285134776616,653.5827684473081,643.7603124055393,648.0972889886124,645.1239344180988,659.8357484297759,678.8985159920793,695.7448019038096,605.809195208035,609.5399277313211,601.1417983454073,608.1149178536239,648.5094659979541,662.4614048114531,648.9392537406588,609.2360528111378,687.9330215678474,615.631697070886,681.2473821044172,698.2521272256039,635.7811249335593,13
6,4,0.7044111610008112,0.46348311020035043,679.7813648858635,609.6676449646719,625.4670622046051,664.2325525905228,698.4989656140875,629.7237807708617,644.6419516401583,600.8863285113468,611.1512212321277,642.8702020986434,670.3699779629051,695.1490710176787,633.3628395836865,686.4433246868364,674.1641451836042,616.2790989206229,655.7040513275035,673.7950947397592,632.6941024336675,608.6132139063681,659.3780631943453,12
6,5,0.6165066314704442,0.3992782865812556,643.5583314812933,645.0370936258186,684.0871579425923,606.4853594482969,677.201247630999,629.9919111506985,679.8380340518353,699.7820855681978,651.5861902712328,602.9169763645265,697.0257109726057,683.8491833843025,679.155820259137,658.6936506558907,649.2569070753298,659.5212834126875,623.1380636376848,636.0474505141553,630.5743957447291,681.4386779268762,657.5593428640082,11
6,6,0.7851968015435979,0.4221454203750525,681.7834216175022,675.6163328895246,603.8426348962325,657.9983787428131,602.716742122556,674.3193198731603,682.2422373668278,667.6821298857395,626.7592676727971,648.0890146603009,643.7661328148204,680.5090318495663,645.1294113029255,658.0950379888179,648.3180863313669,615.0472271005998,650.2427287166377,667.1270825229133,640.270372099456,628.0334752551413,616.145783406424,10
6,7,0.5367488664154745,0.4876807113089055,612.0209055370608,634.7571524238982,690.1761992135423,656.1484587959524,606.5204591260492,604.8142835978354,685.7562337661284,682.8469299449117,683.5480225742194,666.2434011701068,623.4973404995952,682.2983805041767,618.3442196403435,699.0679157065766,683.8230421081801,696.8076381450734,673.1486359703116,627.0643941981766,667.2507262673649,613.2179657753871,647.1739837518439,9
6,8,0.6530487572535792,0.2913818965325195,654.448909796085,666.4911724487218,646.1477464624734,656.0660094416171,646.3931376812333,690.2894995191987,691.6635235841208,629.4619396346193,601.4693388654954,611.8502623598151,670.4871010043382,693.2710508132761,685.4974019561474,675.6730167068567,636.1403779067186,644.6714527258521,695.8118008919433,608.1229634806673,668.2191689255098,643.9855639713835,655.347177620985,8
6,9,0.772811242204007,0.5985335664226967,600.5758660498121,679.5449960789729,663.7201476808281,660.3487666596454,690.922020586156,685.2263874391182,643.0985220513296,601.431527766706,637.9094048671936,628.8884938909166,681.7128142015586,654.4253966113698,688.2559876772348,644.2293805451135,685.9794674811645,650.1517960350167,622.0446004245418,699.2581795487763,631.5239434649451,664.3956579447613,657.028693873139,7
6,10,0.4410038911962717,0.5899172648587132,632.458582990027,692.7177819479452,665.9353922205783,667.6467937226362,653.8701797952714,666.7804683226407,631.8866818321139,673.786951856153,633.7345546769093,639.7836625502157,654.6430316077847,620.0282017867626,646.630975614017,670.7397000032928,640.6804800951724,624.6658615805406,688.6181772129345,615.6201507930599,613.3209924136629,638.0951845023475,621.0107192912352,6
6,11,0.7748913948945805,0.46013027453877475,636.6461534871398,623.4642081855453,689.5117740706537,680.498899968077,649.781250803429,659.3221570107385,658.2198746594114,683.4144597000676,601.9327630917601,691.953102465605,696.7035275256146,661.6783607852541,607.5699727309787,638.9230471691789,632.8233105678339,647.0960252434734,693.430411416749,698.8420993963481,663.2396256465508,605.4565408282699,674.2271392252287,5
6,12,0.6751542889203254,0.27981698037165803,639.6172691609255,639.9315915809308,663.6669682167208,626.9820720128214,610.5473699956631,689.2302498139652,637.1172423437628,674.0476131953519,612.436839900051,699.3255015422964,605.1668721657961,674.288149366794,638.7826089916931,622.8875462483498,645.3989911199699,666.1913632637012,691.6420544532066,697.7279932566447,612.8325862188765,659.9461139658716,602.519909482107,4
6,13,0.4271348236420688,0.4720912969725165,669.5467206689862,615.2416013330418,661.3933584760061,682.5049410180062,665.6780104724294,618.5330179528714,660.1074166800233,614.2850287300838,641.3642674918635,604.4911298995615,650.4795598304528,673.7917393354026,680.3537659462603,659.685187688776,676.2446958674868,675.1177136954043,663.541435686191,679.3818103908039,657.849250822933,690.2403276110674,635.4831855543163,3
6,14,0.5203854267787266,0.22887936359167035,638.8558101270346,699.2483502158375,606.665204056069,649.8255682263454,682.2103160600226,607.8969162190829,670.5585862643825,675.3427922256969,649.2864584447447,676.1007923495392,671.845394732255,652.144902416688,690.1774028546229,692.8182098113951,612.6002027863994,675.3868082709913,662.9820654434708,665.9422962081998,669.3422128056309,638.3215365947252,678.0212648535634,2
6,15,0.6832688354581127,0.21226100088232244,644.869362262253,692.7000967924296,651.8408021945204,607.7058279134332,638.0420007507562,623.9510169909538,668.8405018492136,676.8922782107641,640.4289747254869,637.1724066402343,686.264047114918,606.8458719333578,620.3472742497596,692.9139520015462,619.6419215872018,657.7891112694089,640.3210633183822,657.7807050251084,670.0611496394451,621.6332777630827,656.3892921055402,1
7,1,0.4269402405875087,0.3030731554044855,623.7544130874328,653.995713028056,615.0169000817042,605.8550929243979,677.5611850925327,679.4578278700191,637.4552887020121,665.8540515670055,653.0937678412093,639.245818622948,617.925561190779,637.1112938430127,606.6973612025272,634.190527810549,695.1444825663092,690.4359774993857,675.2397882303787,686.6101545377835,675.3472110659596,644.2577345932815,626.1162432510861,15
7,2,0.6328681840705094,0.3850491826957265,637.325179162934,684.2033294376421,673.7433768721486,633.423831869606,696.4476653900812,603.4670266726483,616.6860201698753,676.6115932795586,659.5131674905681,675.4264973347023,680.0003481763681,692.0766608463357,687.7350453132839,652.7677466221695,617.5491627381357,681.7407847306109,653.1294018350932,628.9439521619488,687.2859421565664,604.836271104878,669.4953119343047,14
7,3,0.5383532227811827,0.5473090021633522,622.7269627263152,652.0957977272042,651.2221920812674,678.4896977111467,620.3766459127689,658.280683508349,643.0529338462208,684.5921439677732,600.9923821127836,691.8426432145409,655.2707075718545,658.4448909757426,638.9404938978876,621.1635898569862,656.7727317931054,675.7048114698625,667.7438071228295,646.7681212484877,649.9958991964788,682.0487584480275,656.7390944156074,13
7,4,0.6483662071069909,0.4908676279065232,607.3195923768444,662.358568800276,668.0227779208353,670.7680934740915,652.3329631194741,699.543751619131,614.2594144081909,661.3604114237459,646.4095159453503,695.0928594502549,639.6553681989964,653.8331943255713,654.1760964267563,699.5631109498884,657.9314466661938,605.5605521680461,642.8457903848796,661.9389969366501,673.0249189529571,682.6340810950187,679.6243609456387,12
7,5,0.41829681352500514,0.4970826084799924,660.3448593381378,608.9124432116016,604.1672900602384,678.8614964672406,628.7137958084576,685.5696093837539,689.0097035183808,608.8604713969679,696.3499240887588,657.7122586038321,613.1715028579093,626.8853514382193,696.8065812050759,698.1117907867936,648.9624462050244,600.687796221965,673.1496464043139,641.1190475869491,661.9172735365837,658.8000463429628,673.5025186189823,11
7,6,0.7486147224609505,0.37019733377923014,666.8212798555016,675.5270420496807,608.4792016045803,651.726905644161,679.2854419033839,652.144568904359,634.5877460737858,648.762780966721,651.9032280129549,635.7121159300502,686.5295758908912,636.8448919916578,606.6564727914223,664.9508929707447,664.4745248576819,621.2447277195473,682.4471517604549,642.7486454090268,618.6639939797683,635.3102888938389,661.0107922036235,10
7,7,0.7893955876709589,0.3383739970187852,661.9490346009615,612.7713483635234,671.6323388062682,644.019899795549,657.7593365881157,606.3640909286643,615.4459747223324,607.7649334671605,667.7542267458953,678.754908585878,615.7273208179715,689.5346089153169,664.8318007452095,680.4414059677473,622.9826725797618,666.3523593913452,614.6436256602816,633.0284667502084,602.5689644869408,679.9783364445783,648.8177675310814,9
7,8,0.7875511421142767,0.34841550519384107,646.3494043800572,682.6067630252528,607.2084335998674,614.7452526706284,663.4582417550304,683.1373514385709,602.5447759905751,640.754303103243,631.1863857916883,625.1001383262301,630.9787859209099,666.6463047526836,607.4105422574867,671.51001612837,655.2662267776748,641.1197488882545,683.2929715574228,656.4231816684536,628.4541385676933,655.4687024788367,613.3182125667523,8
7,9,0.69986073269717,0.595059825494423,637.9785780179229,678.2028087670386,607.1256727765259,632.8192753609312,679.7914159615895,659.8978508177211,664.5822386286484,640.7106489125628,677.3991378152763,656.4074028833518,629.0045531962437,678.7387026752333,637.54689284665,659.3158219039468,637.2173255246897,640.2406259299312,654.0296531790307,685.0574528015115,644.3033706337619,682.5932308550016,626.1333017885383,7
7,10,0.4520344960522528,0.21604367656499301,686.3333649571825,670.8744697742976,601.2108475234887,643.4019366173875,639.5970472662455,611.4932997059567,663.6902317454743,606.6009844140242,677.2921481876115,635.8578461524874,687.1414034190855,645.4345423067655,680.3814545193446,605.3347996988898,666.1667259629189,688.4586888229613,684.4665909090224,620.1528378006312,661.7105944428656,663.1458792583021,641.9099472917085,6
7,11,0.703305278371609,0.5468125984489793,651.9081785136218,603.6160380524763,695.650139829948,608.8600429679617,691.5090068407043,609.3857284823356,634.0604166581292,634.882053396948,652.1296047654139,665.6631073707877,667.2702994208898,663.0247219456157,643.3472232755635,645.4764342552661,614.122354337315,689.5562848131839,643.1301706341014,693.4433038753441,684.9959330503206,678.4405473212797,659.9299287006388,5
7,12,0.40983476658352064,0.4314701634289574,647.918187762973,630.3128355945329,673.7508359459007,622.0611952711212,653.302886724614,690.9626819436593,607.1711888847651,611.0998098791315,697.6013823279213,624.0398912893506,679.6681397191372,624.8383608743208,699.718235390295,667.4786302167411,657.0877416839476,690.9175264053586,637.9040485383035,668.9087653748229,619.6245716706165,659.856299321776,651.3707855215305,4
7,13,0.4088494206115989,0.37544616767583616,602.5642065806436,626.3112569910843,635.3251408502064,659.8225294063739,615.7954822835349,666.9200262938078,640.9628894895231,680.8235210009223,612.5550214762653,619.1592945734826,625.0467898792499,670.5460830283487,655.9059284946602,667.7531613883684,618.5270355383324,631.3878076515027,691.5060732517222,682.3273212680031,612.5549789898477,641.4141068215666,628.818452595953,3
7,14,0.5294440876598165,0.4901030641660546,634.1247827626156,636.013640747152,629.6535581287656,673.5663114239189,669.5899118168802,682.9286799316756,631.1217495063394,694.7688025964471,601.6947664889581,691.8239086675437,662.4874099606999,642.7601333703337,632.1162152635953,637.3122618422384,627.8643063115037,669.1055812739262,625.1169267548402,655.6190692630012,696.3479947474327,695.7945859926137,600.6464357789711,2
7,15,0.5954572761618664,0.39466757656988116,638.0195618785857,608.7642746763838,634.970322974585,699.834751139295,679.3261350438254,687.8978900282267,667.7120639735009,607.2316475257938,677.0158211757096,610.1803682949537,657.1745983143749,644.2545514814746,622.0111325904753,694.169198665803,621.8709800323584,627.1633181274369,684.4212325286143,677.9516701424063,610.8044559376407,654.1113824878845,649.6239221900814,1
8,1,0.7081629671231173,0.5493692952326642,639.8822780896901,693.6957823031063,677.4653531181182,693.3113331343558,631.6761677067527,657.1772352048322,660.577924945269,695.5115207291701,680.7155537364882,650.5957907734931,683.2830376788271,664.9322324576882,635.0520534286162,616.7357032236781,618.2837779868817,619.060983307445,648.4020572509404,601.6200397339467,647.849107010719,660.5089518540539,628.5625988562243,15
8,2,0.673318150642602,0.5602807456045034,658.0172369227332,655.3802240712376,666.1370611070414,664.2565199535192,685.7179256998753,651.7446351755041,636.459372819754,652.2576599336745,612.0207229120576,622.0852782963009,690.608706048126,693.6280621468927,637.2533273759551,650.035944621556,682.5710951560667,618.4632457347369,651.409544255126,681.8380424779535,658.5563728793302,622.0487639414749,673.4608300710535,14
8,3,0.5783610825506994,0.36868837074938215,653.3602546726878,630.5524310658024,618.5195567867468,642.1248053294072,690.6143254765766,643.042741032099,621.789255425499,629.9565677953874,626.5582832958606,603.8929963325668,601.2156771477387,606.4006346608621,606.8713677723961,669.0883976550823,628.5707567660891,634.2107620863594,630.8468281489484,604.0138859085366,654.1374420907438,662.5650789427276,602.3946265270483,13
8,4,0.5094506665126664,0.3107311188940206,660.7905092793444,639.6981517074283,617.4109335334084,663.6177364708233,627.6904487377809,631.6946587791119,698.8035966155592,607.6862075276164,601.7552363366628,603.6018818291426,667.4019919058793,682.4743237347008,636.9574199426773,669.7135805891809,692.712378186445,642.9957619779822,657.3042200619016,688.9913376362863,608.6032157032943,657.1607649482944,658.482781130579,12
8,5,0.7988498000630845,0.4369401314373449,676.4883261542128,644.7202540504836,609.8395649713398,678.5651618080232,698.3521472715222,643.4595960858712,645.4001621196115,650.0624268070418,629.3308610780565,617.5221772105828,605.1835799119729,629.2383110412193,646.4238519739225,664.8638956768816,696.992652534519,683.0949171055069,632.5211196276211,699.1962747238643,605.7026914003619,618.4838397947025,694.1474237506065,11
8,6,0.5704725208943893,0.5649453382466764,681.2985738716094,660.0594333360617,666.0302719701338,611.8336190923387,614.0711528048759,677.3879655730157,668.8274235780237,679.4515544490748,677.3141873918671,686.6770354506,654.8858665077356,644.3919454506378,672.2737752238804,627.528821345186,657.1260469937097,611.9891093472712,603.9269414241652,629.4067462176778,610.5483427461036,605.9587097353144,617.4409267111499,10
8,7,0.5805548097318702,0.28426487560226665,671.8123076226494,651.5679427696498,676.4372662221735,640.9904889696288,620.201566840249,660.1923431015132,614.0552967578361,670.7086477266698,651.7960527712579,628.2478743977026,628.7632729043678,602.1913328775009,665.6729484721608,615.6206568686622,614.3001122665727,673.4925847394894,627.1998605344356,621.0318556285794,658.5587683872612,660.4359319714771,647.1649490750596,9
8,8,0.4654495284766677,0.4491866334253931,695.5523695954935,691.9391973214417,626.5046428325004,683.9802285635617,618.4224839238026,689.2523289954846,648.5589699659398,605.0226011463974,634.8095593168288,695.0459170575296,630.6776599522141,630.1046077834313,670.8765655229154,663.5940326826711,637.4548243379581,653.1454914189305,600.637904340659,676.5363363858041,654.4344887634321,676.3692269350321,609.1421991817139,8
8,9,0.7179238194999717,0.4526240880370082,601.8232582676362,649.696348290583,602.0944961030913,638.3832951933044,689.398971000787,644.3380014379188,602.7536719869465,607.2901835367903,637.173929490633,658.1622292989193,635.2958503452356,650.2631242630131,600.8363681876857,659.9302116139438,679.7732263348214,628.7945342675993,697.8354787056857,625.3026340920253,623.3740792036745,652.3401370922008,662.5681912261352,7
8,10,0.6774728903125955,0.4932452089661124,619.5777985683546,699.2158014823312,608.2171667476428,657.1872271227187,665.4292552324962,660.7089578718754,650.545511791045,640.2873282632637,600.1353625715468,643.6614189768766,662.1292449049611,605.617607734744,621.7667399580536,617.9356010289241,636.739072869707,649.2819584532824,696.5747209819748,686.5562383172204,663.7774141845591,622.6772625319645,655.0531680596225,6
8,11,0.4883078451155042,0.2526270740509039,600.7562874978142,685.1424957745096,696.786003484503,658.7769360862198,615.2104283222272,663.1307553091989,696.4017407117702,629.5290494047944,629.9800527565236,658.0088834669455,633.4049965668769,649.1095729383165,666.1684288399856,670.5139145570563,608.7017218302789,629.9942069777022,639.5155297472305,610.2842592157476,682.0067502055649,666.6521976693035,640.7365524212832,5
8,12,0.4329524182463371,0.48632998587283544,664.7474714154603,620.8510514357336,629.544477747742,618.4476253133639,644.0323418368349,659.1697162306325,638.42067129858,623.2384323056048,664.645874163793,651.6698385226268,673.269905059028,692.7110628858427,648.3989368179747,645.5171991733656,655.6784910928188,659.6081955238305,672.8370854339646,612.5955196379358,604.1578959846594,608.0105726609602,652.1377021473742,4
8,13,0.6721997208298853,0.5636130082662564,689.8030548949987,693.0595214643917,676.9223147838134,636.2235441652289,661.5298025069802,670.2633773085516,603.8996012574912,628.1004498908713,697.4194443816357,675.8776253757326,640.452738557387,610.5393218107805,600.5313475668346,666.7760591603153,684.5120851496035,643.3843922855244,634.5806098410425,697.9151555100616,649.8129943548042,644.1833704801954,689.657465846901,3
8,14,0.6618044857124541,0.2718732435480968,624.3482296576299,611.6366397885477,662.4663568854264,633.4511288741933,608.3464084989383,623.7433468374807,603.0955790919344,680.3482743296885,684.70608269839,628.2496065972853,606.8353200309958,676.4440728075505,680.4494642431822,683.736707977015,679.5926387143502,616.4405529078879,667.1093157085976,667.3838898270004,668.9310412102691,616.336675839842,619.6294302311067,2
8,15,0.5093038107992838,0.29501732996955105,692.7034544796306,681.7449708491191,638.1939639652896,602.6196708532065,688.2416368407339,651.236377754579,638.798675994687,692.9228053631854,602.3594964645529,635.3050391600302,678.3759842484108,640.9671053375993,677.2809573290338,616.9728428576923,617.5123140130353,611.6583074555697,680.543004304598,684.6887224428953,625.2311927069687,618.4459051059883,602.2564511705348,1
9,1,0.7803454249001642,0.5885580376166558,606.0267390289561,638.062329347658,620.5687262195555,602.4191763891355,680.3603535441536,610.4224802808347,616.0024936463194,640.5102694527567,689.856060467484,689.4094302533251,628.5758324592706,665.5173714524338,654.8419162993563,601.9144867996837,667.2764614412466,654.669568207213,694.6756244692241,632.4329377351518,630.7770905293149,620.2293949158204,686.1664884699101,15
9,2,0.4604231567123601,0.2723907810837959,693.4436026805514,687.797432044507,612.1386418159407,683.1697043675773,650.5206773576638,638.4511327644813,602.3352096328186,690.6111002132498,678.3198413298626,694.6456513150406,643.2766879599262,626.0236597985229,606.6463325776272,677.9102586395786,622.0504263435647,690.2413033286103,640.0212275849672,667.6483749520604,661.3637902989384,638.6707057043977,657.7117082387906,14
9,3,0.5729339204170408,0.5417540373478316,635.1622687239634,686.8056690107451,661.5012968038867,627.3070809972812,696.712661525917,648.7667068621264,675.6213613950176,632.1495701247882,678.037612357098,689.2558227486475,668.5443883221901,615.9492262541359,676.6515049532585,660.9697425152616,621.8207534552172,634.3957686557685,678.3297982956047,659.4241827308597,689.7935293443737,605.1150205620397,689.0658455461843,13
9,4,0.7774463680670396,0.3969111425792139,610.1420828449217,680.5925400117621,677.4633780637788,651.8078766238815,641.77609792751,665.2224259545472,645.8523008881891,647.6436986343791,645.7995759003571,641.9447993957314,633.2456157148712,616.0462614271227,658.3713587731364,669.9639569622121,687.4071773305185,673.3000107222623,626.5928450632118,660.3150120122947,680.9924420302899,639.7793440929098,659.6945223413172,12
9,5,0.567890926770449,0.29889242976127084,648.5871759186325,679.0030436307061,664.3904253541131,629.8725573588773,698.4110319036498,695.0531052586203,628.9244771972654,622.6028997816,639.8005292954502,678.0365503006882,605.6585656146716,607.0491945643145,678.1959977157959,683.8154974988643,624.966895274023,665.8661354939767,699.0332303793648,668.2532459537722,658.3130219099584,651.1707447114701,681.0161089959703,11
9,6,0.6554103790656343,0.5482999605090045,625.6776567720508,630.4679139098041,653.0302133249158,694.0679245115341,666.7919998803627,660.0651066548356,690.008318301648,664.0476042175844,630.2915728833193,647.6335733301099,637.3921047012814,618.5646704901243,675.174699239584,680.28109348245,626.3247346518011,693.1554914309481,602.5769598764351,657.5359173129099,673.0221717757249,648.3294284966325,642.9673363355148,10
9,7,0.5590377591851178,0.3781221020010662,628.4872901961922,608.0919283051252,604.1951223431636,625.9296758865773,663.4671273253941,674.359391617656,611.6138960200526,697.8981115174809,606.5694858954366,649.7539852146102,694.4448582694304,666.4219384988968,680.3002071957837,696.0920146928825,600.0653390761299,682.0981017299141,660.3528806501121,642.9062369302666,636.4822470207798,638.278410040304,674.9859931288269,9
9,8,0.5096860809394681,0.40592694157187603,630.7289964926287,640.2980178765162,696.8488777594384,642.9656812738936,616.5954895295785,650.6266059495202,695.591882895532,660.3493096043378,622.8235363493699,620.4680109057284,664.1734397298558,688.1690611843508,651.8008066404625,653.5935078852118,687.0669034125517,656.6605258905463,665.9505981651328,627.5922694380547,664.0965528098758,683.9146608070753,691.3041466889856,8
9,9,0.7935910591839314,0.3436933477599063,680.3025897832663,617.3524514986509,679.8714191654575,687.2730250484602,688.1927758304644,663.4104031376331,631.3966717377352,635.7814084113548,624.6603634978025,659.1130303258517,667.1479148667207,681.4125685591162,614.0324518193515,648.8495632659906,679.2594813209134,665.7030498234108,668.8045557074129,676.8581330913202,646.6181591127557,614.5326692420504,657.2122963722206,7
9,10,0.5637336025260172,0.4371803405739709,653.9161276675254,669.4951088902462,629.2822036700965,684.1933566791809,642.7489687920615,607.0932216133773,688.8403672308681,664.7817445990529,648.4077069710202,618.6135897753348,663.228215363764,668.5134309874484,667.1157473379689,640.188719989073,662.7328935090678,689.8386466584035,612.0387578789089,622.6272430003186,618.9936136457561,650.5696743781374,618.078515056238,6
9,11,0.7576396814716538,0.2654095490340091,631.1307699156004,634.6099726537785,697.997032935885,618.6101417846278,616.223340578248,625.4391580841847,660.2942876479461,612.2920678465388,674.7444406596694,633.1564699067194,619.8992138959437,611.0431863411103,662.047378505197,615.3691042844205,675.0265763938842,639.9518784586935,693.8529783473131,669.2354306154414,670.1738273877257,606.2041416956554,626.8797615030198,5
9,12,0.4919818423564345,0.3564326146607043,661.0333783310919,697.5610200859915,660.1881589636322,680.264330979571,601.2607519975759,636.1853093205139,682.6707359741488,688.8659080265398,647.3809828397947,685.5030201619935,641.8333864102281,628.918744629595,674.2253187199087,657.2607232882023,615.2048567424492,632.6794705857777,618.1183279050083,623.3332822649327,655.6464637348822,607.115567887791,619.8644576897406,4
9,13,0.48524188161003334,0.5877649289341149,671.6150674223194,664.0972077345332,658.2422658207247,645.8186886737892,655.9755683638383,647.2493355006513,698.4013163210465,650.3083950779836,605.784444944716,620.7075809210855,675.0939798363319,630.9806875322469,616.9881006050736,627.7012524325979,645.8323594587575,601.0811083635197,662.2753403239841,662.5330169954453,635.8621581953591,657.3865849677096,624.6857027595732,3
9,14,0.41245363315380457,0.303253373080451,627.2624000733533,682.248056363436,674.8073179429532,648.2968872085355,652.7399622122676,604.5648745502384,628.8405437818745,644.9349742039642,695.7789800988204,607.1158285173433,610.1372897553159,624.9956946397622,619.4975199900289,692.1307512212975,635.1219387348781,682.6551074191464,622.2676079123084,674.7078267129029,691.133919007863,656.601842488782,630.6415449351036,2
9,15,0.660666730150354,0.46269466581651686,641.3549101525351,613.2524672741848,681.1769788090138,613.3479972415944,671.9353622369158,614.0024097553318,696.1135485407593,658.586478845352,694.2724319094112,606.9007592612817,627.7852776089712,651.5005659709723,689.0409517219329,658.3190804277098,609.3776526257017,680.0980700403366,630.721641702127,621.8713888906539,602.0934117826733,687.8033512844457,655.5133786753188,1
10,1,0.5474105374895045,0.3300760256898779,612.1886093336948,686.2014482272623,665.6478607331503,608.0601513757125,689.0258053017802,627.6814307791306,638.948189490242,662.4783862789402,678.5189543148408,694.0784520503108,627.6319108465854,653.5553814879672,674.9977798452071,659.284018050811,648.6130485214924,610.4454518100151,654.6458541728124,605.9943300861308,631.5773151249496,655.7873675660073,658.7991629463833,15
10,2,0.7457432999358549,0.5093892502746402,618.114934953468,692.2757190513395,612.80957463662,672.7939306973765,607.9406584643029,697.153269090105,638.5511904736923,607.1775806226512,699.1327901564221,650.6920437961835,643.2018927594506,635.688597517111,690.8228488700323,635.492466087701,692.0739650342636,657.6857381132701,641.7193418564576,613.0973742994174,605.6881397777646,695.979102040485,642.6499747241861,14
10,3,0.5892839626766229,0.25234946428733995,668.1117853964982,648.7061918818936,633.8267505994498,649.64611523553,673.1496490340362,633.1347007103051,634.0387104254505,668.2617221223402,654.4482332800263,640.9412071817019,698.0368740942185,635.3789158736436,675.871532116392,605.1989351977708,604.0059119050694,646.3981698166888,616.0225600976506,660.5996967271026,676.6527316221627,604.869484839993,661.5420779820836,13
10,4,0.7872773711658887,0.5879284180314179,618.1438347695627,660.6252937750977,692.8083640326049,643.6850702615179,618.7411944097582,648.2041058112083,654.1407607347585,624.193168031553,696.2768350253206,681.0878581007919,606.7502546683822,682.8555597906081,659.7155305990302,603.1743765372988,629.1460913493794,611.8709095509112,617.0936402420848,684.9446406225736,670.2107454113793,609.8007684780741,608.1574925611366,12
10,5,0.4742102062812485,0.3815158165534557,652.516338366706,676.4809800902996,622.4615611843852,672.9508228652396,685.8177053157164,619.6097712738393,615.4145043178487,671.395263250659,607.560504061675,683.5825927910516,651.8700994380595,678.9292848319685,665.4132737027874,642.3335144153198,620.7540936205703,698.0568227060724,641.8144788162799,604.4996821235425,633.1352218736317,604.4065861570382,608.778823705816,11
10,6,0.7474492671822444,0.2944201853385856,670.9046261722433,617.4838627260413,637.2167023837513,676.551289899111,681.9063513861656,661.0780071075768,655.3711485358011,682.2534794384196,636.5680748261371,633.2191033115605,617.936468201221,630.7795831680746,688.912792394001,608.4565378097238,623.8146653665697,621.4695887463355,675.72829782755,673.4151259041646,667.5662902207073,618.527685033354,617.1829460357659,10
10,7,0.7106387411166968,0.22939869893200507,610.6876923094744,650.2566076463443,643.2076882944195,615.8908167669354,654.0793754985544,628.0683215515975,654.1704812410004,680.395850755252,622.5381268006765,669.3618057473795,697.0676545409744,691.3788443873259,657.8806754511941,660.684695554014,690.8434551879375,606.7234180090561,689.7964646847788,634.1318645950053,639.5937226195949,654.1270110941678,651.8077498040345,9
10,8,0.7083687378576209,0.2679031620350163,656.7312219628903,639.8663027772313,643.9404989694452,661.0225149477641,671.0242798623311,620.6992578438427,676.190181260487,655.2500967407889,619.583308413427,677.1122815851886,611.3303504727464,695.2815017002506,663.2391324328387,688.0973005639657,646.806905423429,659.484737950191,608.4127662259383,647.8528369919522,675.6253791422434,664.5572181427428,621.3994678698314,8
10,9,0.7379132912467551,0.407909579422407,625.6562783701364,614.6373992162249,661.2939582494525,613.5354082277686,631.4350113183748,651.6572628445979,683.3649961937585,652.0169892310751,614.0802948892676,665.4650686865955,640.3601002361592,632.6742542030041,615.64767160036,688.2914816518722,646.6299412939819,673.8866677133033,639.3103907559401,692.8859549845565,645.4183662736706,604.5585157948669,628.3284403492578,7
10,10,0.7044095963771996,0.3348012705725145,696.292687523758,636.7534422291532,694.3075837744708,675.1375086029045,647.1167898932815,600.5505799160421,644.0441350312424,614.2875961339412,662.2413641565996,615.1595074800099,673.7884984834607,635.4424948793055,647.3921220116102,665.9045410132233,676.0575642455283,603.2443446047187,610.0245563722876,633.1971504735845,641.2279727831666,694.59708898456,640.0312836172994,6
10,11,0.6504881286525661,0.5315533463530437,648.3545646719924,606.8172309385493,624.0692711832505,665.6955156267139,682.1636897710472,600.7664032649226,630.2333249351494,677.5346150403136,678.1321855747306,687.5883083517057,670.4554428027445,650.5634153421959,671.6397111958099,621.123183147293,615.4492204004925,665.8717638727022,601.6592480632598,646.5336933939486,693.4729915488301,684.2165376650381,681.186612401038,5
10,12,0.45249795107295504,0.37235500946472233,680.5992549775158,602.5811906949486,612.1501376300918,695.6614621083459,645.9265197173214,621.9068809101858,625.9334897317094,627.1409380446714,657.8298399420361,653.9094552736009,642.2728636893933,694.1120812533674,627.0942698316366,686.2996831358872,648.7265354100051,653.2291875951455,666.1718682643957,601.3682414760681,625.08790998907,629.6612482157093,601.386213591286,4
10,13,0.4130104717965008,0.29948570903505195,655.0226542156262,613.5166289154823,619.7470489859937,606.8958016356421,635.7798265325441,603.6721362500821,619.4623836704872,649.6695422817946,614.696270958821,628.2472426370003,634.6524167952718,687.6319433142312,620.2254180524535,688.6093435313209,642.998521412106,610.3265008875048,660.2449441966588,608.1598720004838,612.0447339996565,607.7187530226468,664.9378820236623,3
10,14,0.7683391391262748,0.446857994641612,604.3412532854819,696.3115111589174,688.6924900209269,605.7054721151254,649.42124472503,610.8025754130691,605.7647582199024,628.4274092927517,681.1123769933471,642.5228185437694,639.761237855287,610.256796258359,631.3826808224416,619.6653584952959,659.6910690546656,617.2523876946362,616.3019113814886,625.8591591134784,658.4543113259458,616.9887073219057,666.8876531040685,2
10,15,0.6466601258082952,0.48271088675417834,663.3151375594023,654.9529535895017,664.5810812655207,628.2187074693201,682.8249252437219,633.8860649338751,634.2447978834714,613.3828362999693,663.5954707163728,603.7571090398908,626.4276263158639,639.2730743271417,624.1500627992833,673.7426085770677,699.9557703250439,656.7974297316081,623.3812833093064,602.7852240821074,696.9321812284179,612.6944413754973,679.8655780356637,1
